Type,Training error,Test error,Mean absolute error,Mean squared error,Accuracy,Mean Absolute Accuracy,Parameters
ordinary,0.9924,-6542115702778.374,15003.16715,225095024.39881,-35610703.55544851,35610704.55544851,N/A
ridge,0.98653,0.97783,0.00072,0.0,2.803628397698095,1.83719357202753,Alpha: 0.01
lasso,0.0,-0.02586,0.00518,4e-05,20.631436909197504,20.030479362648023,Alpha: 10.0
elastic_net,0.89073,0.92684,0.00135,0.0,6.089949789949566,5.218243080824624,"Alpha: 0.01, l1_ratio: 0.1"
support_vector_regression,-0.32659,-0.17212,0.00526,4e-05,28.64634509998188,27.817549733407503,"{'kernel': 'poly', 'C': 0.01, 'degree': 1}"
random_forest_regressor,0.99377,0.9242,0.00125,0.0,1.0967914874984253,0.3460947194701485,"{'max_features': 'sqrt', 'n_estimators': 2}"
