Type,Training error,Test error,Mean absolute error,Mean squared error,Accuracy,Mean Absolute Accuracy,Parameters
ordinary,0.9942,0.98999,0.05047,0.00311,14.573402249182116,13.58048221819065,N/A
ridge,0.9942,0.99027,0.04968,0.00302,14.152265092617823,13.16012317721899,Alpha: 0.3
lasso,0.99026,0.98559,0.041,0.00447,1.2558794850368717,0.37324825865278966,Alpha: 0.01
elastic_net,0.99372,0.99238,0.04027,0.00236,9.270948189891577,8.293965649003683,"Alpha: 0.01, l1_ratio: 0.1"
support_vector_regression,0.98728,0.98371,0.06378,0.00506,14.520513247504121,13.529723756448352,"{'kernel': 'poly', 'C': 1.0, 'degree': 1}"
random_forest_regressor,0.99197,0.97636,0.04348,0.00734,0.9261088380686244,0.1381741569271925,"{'max_features': 'auto', 'n_estimators': 32}"
