Type,Training error,Test error,Mean absolute error,Mean squared error,Accuracy,Mean Absolute Accuracy,Parameters
ordinary,0.96924,-5.055395198688398e+25,29674212061237.95,8.805588614553201e+26,2976864070082287.0,2976864070082285.5,N/A
ridge,0.9693,-2.51983,5.02336,61.30906,30.20224934400086,32.14024837610795,Alpha: 0.1
lasso,0.96582,0.15393,2.12309,14.73704,25.27064483183861,25.100796151743403,Alpha: 0.01
elastic_net,0.96582,0.15393,2.12309,14.73704,25.27064483183861,25.100796151743403,"Alpha: 0.01, l1_ratio: 1.0"
support_vector_regression,0.96279,-461.2472,58.38135,8051.51432,-12.7651753558088,37.64573333389323,"{'kernel': 'linear', 'C': 10.0}"
random_forest_regressor,0.9955,0.28256,1.97823,12.49655,0.7747916476450393,0.7081320364310454,"{'max_features': 'auto', 'n_estimators': 1024}"
