Type,Training error,Test error,Mean absolute error,Mean squared error,Accuracy,Mean Absolute Accuracy,Parameters
ordinary,0.54434,0.85892,0.00293,6e-05,3.0653230991643783,2.809971973312584,N/A
ridge,0.54435,0.8523,0.00297,6e-05,3.1138820130058207,2.7901339668745724,Alpha: 0.01
lasso,0.0,-0.05216,0.00944,0.00043,21.197199494169215,20.60145477960231,Alpha: 0.01
elastic_net,0.52233,0.34979,0.00596,0.00026,3.573374262949573,3.075682412121772,"Alpha: 0.01, l1_ratio: 0.1"
support_vector_regression,-46.22412,-14.90745,0.07882,0.00643,326.39633116292623,325.40481637560885,"{'kernel': 'poly', 'C': 0.01, 'degree': 1}"
random_forest_regressor,0.98566,0.30613,0.00536,0.00028,1.3693882564129147,0.916066751991592,"{'max_features': 'log2', 'n_estimators': 16}"
