Type,Training error,Test error,Mean absolute error,Mean squared error,Accuracy,Mean Absolute Accuracy,Parameters
ordinary,0.99868,-1.6085103789205552e+25,127419179587.53773,1.6235647326761196e+22,54613573507748.19,54613573507747.19,N/A
ridge,0.99098,0.75459,0.01223,0.00025,-1.3313559639279728,2.63215272043302,Alpha: 0.01
lasso,0.39305,-0.7673,0.03479,0.00178,6.6543676766074435,6.621095443543163,Alpha: 0.01
elastic_net,0.97401,0.8023,0.01221,0.0002,1.1090922925789908,0.559721181464217,"Alpha: 0.01, l1_ratio: 0.1"
support_vector_regression,-0.11546,-0.65522,0.03387,0.00167,10.425336313748835,10.254594398386047,"{'kernel': 'poly', 'C': 0.01, 'degree': 1}"
random_forest_regressor,0.99864,-0.36127,0.03003,0.00137,0.7947346903831376,0.7567298670602245,"{'max_features': 'log2', 'n_estimators': 16}"
