Type,Training error,Test error,Mean absolute error,Mean squared error,Accuracy,Mean Absolute Accuracy,Parameters
ordinary,0.95371,-1.1765071745342735e+26,104973724806.48184,2.006812701944432e+22,-283381444070.3,23976768252115.957,N/A
ridge,0.95302,0.63802,0.00507,6e-05,2.82744034381628,2.131243725497022,Alpha: 0.6
lasso,0.0,-0.37395,0.00935,0.00023,7.596167159663527,7.453013987221072,Alpha: 10.0
elastic_net,0.81685,-0.05073,0.00828,0.00018,2.819569593462004,2.80508474671886,"Alpha: 0.01, l1_ratio: 0.1"
support_vector_regression,-3.30824,-0.01449,0.00945,0.00017,23.724929627221982,23.081484821859277,"{'kernel': 'poly', 'C': 0.01, 'degree': 1}"
random_forest_regressor,0.99618,0.25911,0.0071,0.00013,0.915448491698694,1.059807704601185,"{'max_features': 'auto', 'n_estimators': 256}"
