Type,Training error,Test error,Mean absolute error,Mean squared error,Accuracy,Mean Absolute Accuracy,Parameters
ordinary,0.96468,-1.5713193476978177e+28,566783993248.8239,3.212441239728797e+23,2704759283634571.5,2704759283634570.5,N/A
ridge,0.96564,-1.01945,0.00639,4e-05,32.84025541471059,31.840255414710587,Alpha: 3.0
lasso,0.0,-0.29824,0.00444,3e-05,39.01272699226117,38.17784146634154,Alpha: 10.0
elastic_net,0.89527,0.79218,0.00199,0.0,13.5435869379272,12.5435869379272,"Alpha: 0.01, l1_ratio: 0.1"
support_vector_regression,-0.16582,-1.12312,0.00552,4e-05,50.091974034775966,49.148754660795646,"{'kernel': 'poly', 'C': 0.01, 'degree': 1}"
random_forest_regressor,0.98964,0.63387,0.00198,1e-05,1.7554696056654435,1.050623274276661,"{'max_features': 'log2', 'n_estimators': 2}"
