Type,Training error,Test error,Mean absolute error,Mean squared error,Accuracy,Mean Absolute Accuracy,Parameters
ordinary,0.96377,0.95432,0.14602,0.05244,20.128015444507874,19.16768849787285,N/A
ridge,0.96369,0.95444,0.1467,0.0523,20.62333606809788,19.663144355557932,Alpha: 3.0
lasso,0.96254,0.94996,0.14837,0.05745,18.027966486694236,17.077417728165038,Alpha: 0.01
elastic_net,0.96313,0.95192,0.14816,0.05519,19.30690801834595,18.351742152732207,"Alpha: 0.01, l1_ratio: 0.5"
support_vector_regression,0.95708,0.94148,0.15775,0.06718,21.125356912547257,20.183807913974782,"{'kernel': 'poly', 'C': 0.1, 'degree': 1}"
random_forest_regressor,0.99573,0.97252,0.09286,0.03155,1.0543908304172396,0.14123158694582497,
