Type,Training error,Test error,Mean absolute error,Mean squared error,Accuracy,Mean Absolute Accuracy,Parameters
ordinary,0.97732,0.59178,0.00564,4e-05,-0.5659509806864185,1.5659509806864194,N/A
ridge,0.97731,0.58682,0.00568,4e-05,-0.6213649277095028,1.6213649277095032,Alpha: 0.01
lasso,0.0,-0.26175,0.00927,0.00013,16.88677714881301,16.496473395677224,Alpha: 10.0
elastic_net,0.81394,0.58008,0.00491,4e-05,4.553115505674871,3.9819109148014156,"Alpha: 0.01, l1_ratio: 0.1"
support_vector_regression,-0.57567,-0.00084,0.00853,0.0001,26.010353606063266,25.32269656860633,"{'kernel': 'poly', 'C': 0.01, 'degree': 1}"
random_forest_regressor,0.99851,0.69822,0.00455,3e-05,0.9264666462781482,0.4925368595849167,
