Type,Training error,Test error,Mean absolute error,Mean squared error,Accuracy,Mean Absolute Accuracy,Parameters
ordinary,0.66922,0.60463,0.00252,1e-05,3.437480124827085,12.05020249091046,N/A
ridge,0.64878,0.62744,0.00298,1e-05,-22.32370366231051,23.728917209733343,Alpha: 0.6
lasso,0.0,-0.06336,0.00465,3e-05,37.837847759022246,37.04705098078926,Alpha: 10.0
elastic_net,0.59555,0.74309,0.00229,1e-05,-12.67481931076877,13.745540218029966,"Alpha: 0.01, l1_ratio: 0.1"
support_vector_regression,-30.15099,-108.71342,0.05935,0.00356,414.294226132821,413.29422613282105,"{'kernel': 'poly', 'C': 0.01, 'degree': 1}"
random_forest_regressor,0.98725,0.83687,0.00139,1e-05,1.5189207634565625,1.0156003920017682,
