Type,Training error,Test error,Mean absolute error,Mean squared error,Accuracy,Mean Absolute Accuracy,Parameters
ordinary,0.93613,0.95819,0.00187,2e-05,4.710526806820419,3.882051646899686,N/A
ridge,0.93609,0.95814,0.00185,2e-05,4.802469192212397,3.9622597817358525,Alpha: 0.01
lasso,0.46451,0.49701,0.0075,0.00021,19.5837257448238,18.875460479594345,Alpha: 0.01
elastic_net,0.90671,0.95922,0.00209,2e-05,-1.4441220645696704,2.701016008554381,"Alpha: 0.01, l1_ratio: 0.1"
support_vector_regression,-37.46524,-18.49276,0.08953,0.00827,441.32660664589844,440.32902346352734,"{'kernel': 'poly', 'C': 0.01, 'degree': 2}"
random_forest_regressor,0.99058,0.95813,0.00165,2e-05,1.7133228146042607,0.8870562361513521,
