Type,Training error,Test error,Mean absolute error,Mean squared error,Accuracy,Mean Absolute Accuracy,Parameters
ordinary,0.97728,0.97214,0.00222,1e-05,4.094522802176602,3.098675656265153,N/A
ridge,0.97689,0.9686,0.00237,1e-05,4.069658173458959,3.0735608753556543,Alpha: 0.01
lasso,0.41386,0.46411,0.00865,0.00011,15.585762285451342,14.815337853712567,Alpha: 0.01
elastic_net,0.92996,0.96546,0.0021,1e-05,3.7636532264230964,2.8127728932568434,"Alpha: 0.01, l1_ratio: 0.1"
support_vector_regression,-0.52893,-0.55977,0.01504,0.00032,32.354913949763976,31.450432697950905,"{'kernel': 'poly', 'C': 0.01, 'degree': 1}"
random_forest_regressor,0.99937,0.92172,0.00325,2e-05,1.1299702154389044,0.2505100688955083,
