Type,Training error,Test error,Mean absolute error,Mean squared error,Accuracy,Mean Absolute Accuracy,Parameters
ordinary,0.91437,-41.50471,0.08092,0.0066,69.27109883044857,68.27109883044857,N/A
ridge,0.90952,-41.30901,0.08081,0.00657,70.59516921192063,69.59516921192063,Alpha: 0.01
lasso,0.4581,-0.16479,0.01265,0.00018,20.347682733872638,19.347682733872638,Alpha: 0.01
elastic_net,0.88243,-3.33502,0.02539,0.00067,16.324917071541325,15.324917071541321,"Alpha: 0.01, l1_ratio: 0.1"
support_vector_regression,-0.81707,-7.06766,0.03314,0.00125,54.59410176659366,53.59410176659366,"{'kernel': 'poly', 'C': 0.01, 'degree': 1}"
random_forest_regressor,0.99967,0.84243,0.00409,2e-05,1.4361344917395298,0.43674457865428323,
