Type,Training error,Test error,Mean absolute error,Mean squared error,Accuracy,Mean Absolute Accuracy,Parameters
ordinary,0.91288,0.53687,0.00411,2e-05,-8.527356013187378,9.527356013187378,N/A
ridge,0.91281,0.52898,0.00415,2e-05,-8.570016503528379,9.57001650352838,Alpha: 1.0
lasso,0.0,-0.19701,0.00595,5e-05,26.419338645551594,25.98326635910654,Alpha: 10.0
elastic_net,0.78533,0.60235,0.00331,2e-05,7.098284942703454,6.537019274537282,"Alpha: 0.01, l1_ratio: 0.1"
support_vector_regression,-0.208,-0.00777,0.00561,4e-05,35.040913608227235,34.41152765089472,"{'kernel': 'poly', 'C': 0.01, 'degree': 1}"
random_forest_regressor,0.99878,0.76224,0.00262,1e-05,1.1161213638238006,0.6643830766689115,
