Type,Training error,Test error,Mean absolute error,Mean squared error,Accuracy,Mean Absolute Accuracy,Parameters
ordinary,0.9677,0.93477,0.00139,0.0,5.12522951696952,4.264058119007113,N/A
ridge,0.96772,0.93523,0.00139,0.0,5.244161662093433,4.379297979377113,Alpha: 0.01
lasso,0.0,-0.09893,0.00592,5e-05,17.958962946024087,17.4343602240457,Alpha: 10.0
elastic_net,0.85208,0.84219,0.00212,1e-05,4.289041280292328,3.5472372599851827,"Alpha: 0.01, l1_ratio: 0.1"
support_vector_regression,-0.57847,-0.14335,0.00596,5e-05,27.572515978226317,26.757290295689042,"{'kernel': 'poly', 'C': 0.01, 'degree': 1}"
random_forest_regressor,0.99892,0.9798,0.00076,0.0,1.1602394138047234,0.2806848933743301,
