Type,Training error,Test error,Mean absolute error,Mean squared error,Accuracy,Mean Absolute Accuracy,Parameters
ordinary,0.9951,0.97811,0.00545,5e-05,2.090623464062105,1.1924216510335304,N/A
ridge,0.99474,0.98048,0.00514,4e-05,2.186304206369466,1.2766217305239267,Alpha: 0.01
lasso,0.90726,0.88577,0.01371,0.00026,5.528628870683969,4.7201139094417695,Alpha: 0.01
elastic_net,0.97924,0.97875,0.00551,5e-05,2.9583679946847083,2.0421215246561055,"Alpha: 0.01, l1_ratio: 0.1"
support_vector_regression,-0.18552,-0.05888,0.04224,0.00243,27.236021616256387,26.46754246792054,"{'kernel': 'poly', 'C': 0.01, 'degree': 1}"
random_forest_regressor,0.9999,0.97986,0.00478,5e-05,0.980397408744461,0.10656794104950175,
