Type,Training error,Test error,Mean absolute error,Mean squared error,Accuracy,Mean Absolute Accuracy,Parameters
ordinary,0.83997,0.87176,0.23162,0.09246,-45.41985990245551,48.91475532937092,N/A
ridge,0.83887,0.84438,0.25912,0.11219,-58.72804077155508,61.43265546809669,Alpha: 0.01
lasso,0.75408,0.82791,0.19962,0.12407,4.871636679886755,4.033018220519219,Alpha: 0.1
elastic_net,0.77334,0.83783,0.19011,0.11691,-14.701591709338524,16.281344542336967,"Alpha: 0.1, l1_ratio: 0.7"
support_vector_regression,0.80105,0.84867,0.22747,0.1091,-25.452106327560113,28.708346502710565,"{'kernel': 'linear', 'C': 10.0}"
random_forest_regressor,0.99304,0.92621,0.14661,0.0532,0.8493224168378926,0.23094370798992397,
