Type,Training error,Test error,Mean absolute error,Mean squared error,Accuracy,Parameters
ordinary,0.99156,0.99034,0.00388,2e-05,1.5022554877520917,N/A
ridge,0.99156,0.99036,0.00388,2e-05,1.5014711985276064,Alpha: 0.1
lasso,0.9198,0.91509,0.01148,0.00019,2.264225661369979,Alpha: 0.01
elastic_net,0.98404,0.99008,0.00366,2e-05,1.471553159493143,"Alpha: 0.01, l1_ratio: 0.1"
support_vector_regression,-0.14793,-0.04014,0.0409,0.00227,8.83961675164023,"{'kernel': 'poly', 'C': 0.01, 'degree': 1}"
random_forest_regressor,0.99949,0.98167,0.00487,4e-05,0.9333181039514054,"{'max_features': 'auto', 'n_estimators': 4}"
