Type,Training error,Test error,Mean absolute error,Mean squared error,Accuracy,Parameters
ordinary,0.96844,-0.16589,0.00385,2e-05,0.40920772353225915,N/A
ridge,0.96837,-0.0615,0.00363,2e-05,0.6964853510242893,Alpha: 1.0
lasso,0.0,-0.13006,0.004,2e-05,8.4386842691247,Alpha: 10.0
elastic_net,0.85429,0.09356,0.00335,2e-05,2.0115889447685302,"Alpha: 0.01, l1_ratio: 0.1"
support_vector_regression,-0.24663,-0.95688,0.00507,4e-05,11.358351124823036,"{'kernel': 'poly', 'C': 0.01, 'degree': 1}"
random_forest_regressor,0.99584,-0.09608,0.00379,2e-05,0.3977915709522319,"{'max_features': 'auto', 'n_estimators': 2}"
