Type,Training error,Test error,Mean absolute error,Mean squared error,Accuracy,Parameters
ordinary,0.99868,-1.6085103789205552e+25,127419179587.53773,1.6235647326761196e+22,54613573507748.19,N/A
ridge,0.99098,0.75459,0.01223,0.00025,-1.3313559639279728,Alpha: 0.01
lasso,0.39305,-0.7673,0.03479,0.00178,6.6543676766074435,Alpha: 0.01
elastic_net,0.97401,0.8023,0.01221,0.0002,1.1090922925789908,"Alpha: 0.01, l1_ratio: 0.1"
support_vector_regression,-0.11546,-0.65522,0.03387,0.00167,10.425336313748835,"{'kernel': 'poly', 'C': 0.01, 'degree': 1}"
random_forest_regressor,0.99668,-0.34951,0.03076,0.00136,0.7244301962910038,"{'max_features': 'sqrt', 'n_estimators': 4}"
